{"min": [21.5, 506.0, 0.0, -2.677945137023926, 0.5022013187408447], "max": [677.0, 965.5, 345.1916198730469, 3.1415927410125732, 0.6967852711677551]}