{"min": [129.5, 1177.5, 0.0, -1.5707963705062866, 0.6376953125], "max": [130.0, 1178.0, 1.0, 1.5707963705062866, 0.6455078125]}