{"min": [21.5, 506.0, 0.5025291442871094], "max": [677.0, 965.5, 0.6969407796859741]}