{"min": [21.0, 505.5, 0.0, -3.0830044746398926, 0.5163161158561707], "max": [678.5, 1005.0, 350.1007080078125, 3.1415927410125732, 0.6996453404426575]}