{"min": [128.5, 1177.0, 0.0, -1.5707963705062866, 0.6376953125], "max": [129.5, 1179.0, 1.5, 1.5707963705062866, 0.64892578125]}