{"min": [21.0, 505.5, 0.5158390402793884], "max": [678.5, 1005.0, 0.6995481848716736]}